"id","sentiment"
"8348_2",1
"7186_2",1
"2913_8",1
"395_2",1
"9074_9",1
"9896_9",1
"11182_8",1
"2322_4",1
"7483_1",1
"12424_4",1
"10841_3",1
"7392_1",1
"5343_4",1
"9257_4",1
"4480_2",1
"12245_10",1
"4_4",1
"12077_8",1
"11579_1",1
"8913_1",1
"3804_2",1
"5170_8",1
"6427_7",1
"7902_9",1
"3577_8",1
"9063_3",1
"1117_9",1
"10755_9",1
"10072_10",1
"4584_2",1
"6302_4",1
"1262_1",1
"6551_7",1
"4897_8",1
"11012_10",1
"2331_2",1
"751_7",1
"10016_8",1
"2628_1",1
"7302_1",1
"1121_7",1
"9789_10",1
"824_4",1
"3086_7",1
"10136_1",1
"2072_8",1
"319_10",1
"10886_1",1
"10376_10",1
"9938_8",1
"11944_8",1
"9599_2",1
"11244_1",1
"10050_4",1
"11327_3",1
"808_3",1
"10765_1",1
"6005_9",1
"5740_10",1
"9573_10",1
"12332_7",1
"5610_1",1
"11034_8",1
"12380_7",1
"6030_9",1
"7061_9",1
"1375_10",1
"10146_10",1
"4685_8",1
"5467_10",1
"7721_8",1
"1063_10",1
"3182_9",1
"7613_2",1
"4847_10",1
"6312_1",1
"4125_1",1
"12105_10",1
"1061_8",1
"7696_10",1
"782_9",1
"10642_10",1
"9591_4",1
"3495_7",0
"4552_1",1
"188_10",1
"10313_1",1
"6622_2",1
"7173_3",1
"7909_9",1
"8615_4",1
"1892_10",1
"1893_8",1
"162_3",1
"11588_7",1
"1594_4",1
"3647_1",1
"5539_7",1
"3811_4",1
"1179_7",1
"3769_8",1
"10434_1",1
"5344_7",1
"7833_3",1
"9007_8",1
"6683_3",1
"11927_8",1
"1325_9",1
"607_1",1
"5702_3",1
"3428_4",1
"8425_8",0
"1119_8",1
"8645_1",1
"10403_10",1
"5570_10",1
"1454_4",1
"7982_1",1
"6554_1",1
"6904_4",1
"4605_4",1
"11718_7",1
"7455_9",1
"1223_8",1
"6108_8",1
"3778_9",1
"8256_4",1
"5235_4",1
"5365_1",1
"7396_7",1
"8175_10",1
"4606_1",1
"3281_10",1
"11994_3",1
"103_3",1
"8876_1",1
"12456_8",1
"8680_8",1
"362_2",1
"2913_3",1
"11177_7",1
"8103_10",1
"11754_1",1
"9933_7",1
"242_10",1
"7453_10",1
"10860_2",1
"9108_1",1
"10116_1",1
"4512_9",1
"2664_4",1
"5167_2",1
"3929_8",1
"5451_8",1
"4611_10",1
"9464_8",1
"2705_4",0
"12319_10",1
"3406_4",1
"605_10",1
"3074_10",1
"1013_1",1
"4118_7",1
"2129_4",1
"10671_9",1
"2755_2",1
"11979_1",1
"852_7",1
"7436_4",1
"4208_3",1
"9851_2",1
"9528_1",1
"5785_3",1
"1980_3",1
"4437_3",1
"12171_1",1
"3831_9",1
"1500_9",1
"11843_3",1
"1067_1",1
"4487_4",1
"575_7",1
"11821_2",1
"1111_7",1
"1146_4",1
"11081_10",1
"4844_1",1
"6535_7",1
"8245_10",1
"6133_8",1
"7350_1",1
"948_1",1
"2947_10",1
"2946_1",1
"1185_10",1
"11706_2",1
"5602_10",1
"1994_1",1
"6871_3",1
"10919_7",1
"12497_4",1
"2568_3",1
"5626_10",1
"4600_3",1
"8899_7",1
"12483_4",1
"5878_10",1
"9421_1",1
"10615_2",1
"7522_1",1
"4636_10",1
"9458_9",1
"7176_4",1
"6319_1",1
"466_9",1
"2952_10",1
"3975_10",0
"2074_9",1
"4895_1",1
"9993_10",1
"10561_2",1
"10684_3",1
"7825_1",1
"275_10",1
"11968_2",1
"8491_8",1
"4530_8",1
"11648_10",1
"10730_10",1
"8077_1",1
"2809_3",1
"1447_9",1
"2311_4",1
"5725_10",1
"6049_9",1
"191_9",1
"5238_2",1
"9408_4",1
"1656_4",1
"10404_4",1
"6423_1",1
"1519_1",1
"3216_10",1
"5034_7",1
"5891_3",1
"7429_1",1
"9602_8",1
"154_2",1
"4207_8",1
"4439_9",1
"7244_1",0
"11932_10",1
"7265_1",1
"4256_4",1
"956_10",1
"1365_4",1
"276_10",1
"11225_10",1
"11536_1",1
"11460_10",1
"10845_1",1
"9430_8",1
"4298_3",1
"10567_4",1
"7310_7",1
"5151_9",1
"1448_8",1
"2199_3",1
"2782_1",1
"85_10",1
"3641_1",1
"9533_10",1
"237_8",1
"7194_9",1
"248_2",1
"1218_1",1
"3090_8",1
"1640_8",1
"11818_4",1
"877_10",1
"7975_10",1
"6024_7",1
"951_10",1
"191_3",1
"1891_4",1
"7887_7",1
"5419_1",1
"8297_2",1
"7562_3",1
"4288_1",1
"4771_10",1
"5324_10",1
"10923_7",1
"317_10",1
"773_8",1
"12141_2",1
"1071_9",1
"9481_4",1
"8879_7",1
"7026_1",1
"3631_7",1
"5378_7",1
"11563_8",1
"9471_2",1
"2639_4",1
"12341_7",1
"8647_10",1
"7262_8",1
"10080_1",1
"8752_9",1
"7669_1",1
"7854_8",1
"11614_9",1
"1708_7",1
"10498_10",1
"10474_3",1
"1693_4",1
"11173_2",1
"8011_1",1
"8787_8",1
"1776_4",1
"220_4",1
"2853_1",1
"11667_2",1
"1633_1",1
"11568_2",1
"477_8",1
"4612_10",1
"1846_8",1
"2634_1",1
"11587_8",1
"5680_7",1
"1451_1",1
"6176_4",1
"908_9",1
"8061_3",1
"2374_7",1
"4467_4",1
"4121_10",1
"6040_8",1
"2903_7",1
"5333_10",1
"8813_1",0
"9584_7",1
"11538_8",1
"8984_1",1
"4973_10",1
"4267_10",1
"670_7",1
"5164_4",1
"3761_8",1
"7448_10",1
"1313_9",1
"7151_1",1
"12033_7",1
"1420_4",1
"1299_1",1
"1529_4",1
"11318_1",1
"11641_2",1
"7710_8",1
"4495_7",1
"5625_2",1
"8538_8",1
"10881_10",1
"4560_9",1
"9059_10",1
"8520_1",1
"3102_10",1
"8434_10",1
"7386_4",1
"10110_10",1
"1492_3",1
"2331_9",1
"9547_1",1
"5101_4",1
"6902_7",1
"7148_9",1
"8277_9",1
"170_2",1
"4393_3",1
"4931_8",1
"8623_4",1
"2704_9",1
"12370_1",1
"343_9",1
"11181_8",1
"3514_10",1
"2866_9",1
"11772_7",1
"8519_8",1
"4332_10",1
"1514_7",1
"10550_2",1
"2821_3",1
"8061_9",1
"6206_1",1
"7625_10",1
"7959_10",1
"779_8",1
"11189_4",1
"10861_1",1
"9545_10",1
"4951_9",1
"9495_2",1
"2796_1",1
"10913_7",1
"11586_1",1
"7110_7",1
"7372_7",1
"7038_3",1
"5057_8",1
"6489_8",1
"5979_10",1
"2102_9",1
"12153_7",1
"3079_9",1
"7981_7",1
"307_10",1
"4635_4",1
"6739_3",1
"8461_7",0
"2609_7",1
"2661_10",1
"8815_9",1
"2155_1",1
"11224_3",1
"4354_9",1
"3629_9",1
"9526_10",1
"349_10",1
"4411_1",1
"5225_8",1
"5688_7",1
"6020_4",1
"2098_8",1
"10967_10",1
"2211_2",1
"8802_1",1
"10083_2",1
"958_10",1
"6767_9",1
"5324_3",1
"8603_10",1
"8640_2",1
"6305_10",1
"5534_8",1
"10057_8",1
"6245_8",1
"3621_10",1
"24_4",1
"6497_4",1
"11720_7",1
"9258_9",1
"4770_10",1
"739_1",1
"1562_8",1
"281_8",1
"3943_3",1
"6984_1",1
"8821_8",1
"1886_4",1
"6438_7",1
"10538_10",1
"7329_2",1
"710_10",1
"9046_1",1
"2455_4",1
"11006_4",1
"9805_10",1
"1735_10",1
"1201_10",1
"3807_10",1
"4510_7",1
"1760_1",1
"9039_8",1
"2468_10",1
"10350_9",1
"8560_1",1
"1295_1",1
"12183_9",1
"1415_9",1
"7640_4",1
"557_9",1
"8711_10",1
"4586_10",1
"3545_1",1
"5829_10",1
"3636_3",1
"10468_10",1
"9444_10",1
"152_4",1
"6751_1",1
"5407_8",1
"515_9",1
"5928_8",1
"7969_10",1
"11211_10",1
"8484_7",1
"5177_1",1
"3075_1",1
"1572_8",1
"3125_1",1
"4072_1",1
"6496_4",1
"7787_10",1
"9027_1",1
"1220_3",1
"11432_2",1
"7344_10",1
"10332_10",1
"4868_4",1
"12027_10",1
"8773_8",1
"10138_10",1
"1536_3",1
"4753_1",1
"6672_4",1
"5866_1",1
"11965_8",1
"8135_1",1
"5845_10",1
"1240_1",1
"10628_9",1
"1852_10",1
"5907_7",1
"4492_10",1
"3189_10",1
"5874_2",1
"3632_9",1
"9925_3",1
"12036_7",1
"2464_10",1
"10592_1",1
"3887_10",1
"10666_10",1
"5281_10",1
"1132_1",1
"768_10",1
"7424_3",1
"2865_3",1
"8878_3",1
"4517_4",1
"3662_1",1
"2071_10",1
"6568_2",1
"1666_3",1
"5778_4",1
"4044_2",1
"4095_10",1
"2707_3",1
"6441_7",1
"9499_7",1
"8840_10",1
"12453_2",1
"8366_7",1
"9998_1",1
"1354_4",1
"3515_4",1
"10226_3",1
"9968_1",1
"2546_9",1
"1757_10",1
"1466_3",1
"9506_10",1
"2917_9",1
"1686_10",1
"5318_8",1
"8112_1",1
"2526_10",1
"4297_8",1
"5832_10",1
"9226_10",1
"7940_10",1
"2979_1",1
"2931_8",1
"12148_1",1
"6164_10",1
"5903_1",1
"1205_3",1
"10424_7",1
"1303_10",1
"8349_2",1
"12273_1",1
"3879_9",1
"4499_2",1
"5521_4",1
"7948_3",1
"11071_1",1
"8226_1",1
"6918_4",1
"11503_8",1
"7743_1",1
"10927_9",1
"8870_4",0
"8456_10",1
"7168_3",1
"8203_3",1
"5061_9",1
"1136_8",1
"9510_3",1
"4357_1",1
"10821_8",1
"5074_8",1
"11072_2",1
"3974_7",1
"8540_2",1
"4576_10",1
"3340_10",1
"3030_1",1
"11322_1",1
"7109_2",1
"3024_7",1
"2480_10",1
"571_1",1
"7547_9",1
"7101_3",1
"10424_1",1
"11959_3",1
"8709_10",1
"2393_10",1
"1196_2",1
"1840_3",1
"4621_8",1
"8800_10",1
"6495_8",1
"10297_1",1
"3121_10",1
"5789_1",0
"479_9",1
"7602_1",1
"11436_9",1
"6275_9",1
"8887_9",1
"8403_7",1
"12310_1",1
"4260_1",1
"10974_8",1
"2251_2",1
"28_9",1
"1222_8",1
"9791_2",1
"10847_10",1
"9652_3",1
"10441_4",1
"4304_8",1
"1339_8",1
"8723_8",1
"10384_7",1
"11679_1",1
"2253_10",1
"3346_3",1
"8463_1",1
"4689_1",1
"961_8",1
"770_3",1
"6302_8",1
"10098_1",1
"8853_10",1
"12_4",1
"1679_1",1
"3343_10",1
"98_9",1
"4857_8",1
"1321_10",1
"7788_1",1
"9523_1",1
"5440_1",1
"11584_10",1
"3165_10",1
"7069_10",1
"895_8",1
"5139_9",1
"503_9",1
"8552_1",1
"3492_3",1
"752_4",1
"4901_10",1
"10789_8",1
"11442_1",1
"9928_7",1
"3437_7",1
"8775_10",1
"10085_10",1
"2607_10",1
"301_10",1
"1967_3",1
"10665_10",1
"6707_10",1
"9261_10",1
"8950_1",1
"2765_9",1
"11418_3",1
"3710_2",1
"4155_8",1
"8917_10",1
"5366_10",1
"11677_2",1
"4041_2",1
"6392_2",1
"5009_10",1
"11033_10",1
"9099_1",1
"5619_3",1
"10483_8",1
"4024_2",1
"4252_1",1
"10753_3",1
"4415_9",0
"108_10",1
"4236_2",1
"7156_10",1
"3518_3",1
"8706_2",1
"8240_10",1
"976_3",1
"10206_8",1
"8344_7",1
"2121_1",1
"707_3",1
"1931_10",1
"11032_3",1
"1384_2",1
"9450_10",1
"5092_9",1
"9517_10",1
"4493_1",1
"4926_1",1
"8857_10",1
"1952_1",1
"3297_10",1
"1928_4",1
"1648_3",1
"4392_2",1
"2985_4",1
"4015_1",1
"7898_1",1
"4955_4",1
"8319_4",1
"2003_1",1
"5109_4",1
"10719_7",1
"11398_1",1
"5646_1",1
"8906_9",1
"9990_1",1
"8530_10",1
"4207_2",1
"917_9",1
"4286_1",1
"5173_10",1
"3614_3",1
"4059_1",1
"9553_2",1
"1048_4",1
"8715_8",1
"5647_2",1
"12444_10",1
"7260_7",1
"2181_2",1
"12058_9",1
"6816_10",1
"5808_10",1
"5157_4",1
"6991_7",0
"12136_4",1
"8289_4",1
"6181_8",1
"9724_10",1
"8185_4",1
"8330_9",1
"4879_4",1
"11095_2",1
"10791_9",1
"3123_3",1
"9472_8",1
"8706_8",1
"12409_4",1
"11380_2",1
"5069_3",1
"5628_10",1
"8217_3",1
"2901_7",1
"2647_10",1
"7171_3",1
"4842_9",1
"11858_7",1
"9293_10",1
"6277_10",1
"11150_8",1
"5703_8",1
"12051_10",1
"4882_3",1
"385_1",1
"7449_1",1
"6134_7",1
"2437_10",1
"7334_10",1
"8579_2",1
"233_8",1
"11027_4",1
"9332_10",1
"7815_1",1
"5382_9",1
"4997_8",1
"718_3",1
"11977_1",1
"3539_9",1
"9837_4",1
"6669_1",1
"57_10",1
"8926_3",1
"9758_10",1
"1467_1",1
"1982_8",1
"9754_7",1
"7405_10",1
"3713_10",1
"1913_10",1
"115_9",1
"1148_4",1
"11328_9",1
"3983_10",1
"7961_10",1
"9379_2",1
"6501_10",1
"12159_1",1
"7995_2",1
"1411_10",1
"2576_1",1
"10877_10",1
"9409_1",1
"2349_8",1
"2839_1",1
"10661_1",1
"639_7",1
"7231_7",1
"3698_4",1
"2398_3",1
"8336_2",1
"4727_1",1
"5471_2",1
"8810_10",1
"9607_10",1
"10232_1",1
"1753_1",1
"668_4",1
"6867_1",1
"12366_9",1
"901_1",1
"6389_8",1
"5062_1",1
"2901_3",1
"764_2",1
"8284_4",1
"386_1",1
"4458_4",1
"8112_9",1
"12188_3",1
"12242_8",1
"11360_10",1
"3829_10",1
"1285_9",1
"8051_4",1
"3843_7",1
"12146_8",1
"6227_4",1
"4569_2",1
"6372_9",1
"4180_1",1
"1811_9",1
"3773_3",1
"1072_8",1
"8858_1",1
"11926_8",1
"4037_10",1
"11438_9",1
"4879_8",1
"2510_7",1
"1283_1",1
"7708_1",1
"11654_4",1
"3579_8",1
"7498_10",1
"2949_1",1
"12388_3",1
"12409_10",1
"9330_1",1
"1576_2",1
"871_1",1
"12186_1",1
"9327_4",1
"6097_1",1
"3724_3",1
"12233_10",1
"124_10",1
"7991_10",0
"8452_10",1
"8504_8",1
"2359_3",1
"8726_8",1
"2990_1",1
"9953_10",1
"10963_8",1
"9639_7",1
"1293_10",1
"3821_1",1
"5513_1",1
"11508_9",1
"9646_1",1
"5183_9",1
"4171_1",1
"11893_1",1
"4866_3",1
"10916_7",1
"9308_7",1
"3326_4",1
"1707_8",1
"1408_10",1
"940_3",1
"3678_10",1
"10196_8",1
"4070_10",1
"9095_3",1
"7109_7",1
"8228_2",1
"3920_4",1
"3929_2",1
"6877_3",1
"6572_3",1
"11836_7",1
"11725_4",1
"5022_1",1
"9303_8",1
"11228_10",1
"1304_3",1
"8484_2",1
"12446_9",1
"7056_4",1
"12284_10",1
"9243_1",1
"427_10",1
"846_7",1
"8635_10",1
"875_10",1
"8819_3",1
"1370_4",1
"179_1",1
"10396_4",1
"6384_3",1
"8137_1",1
"2103_8",1
"4945_10",1
"921_9",1
"9961_9",1
"6954_2",1
"6749_3",1
"7611_7",1
"11314_1",1
"9517_2",1
"5114_8",1
"11464_3",1
"2496_3",1
"1904_2",1
"8223_1",1
"3550_7",1
"4580_10",1
"8790_8",1
"11892_1",1
"6493_4",1
"4052_7",1
"10437_1",1
"11664_4",1
"9200_3",1
"8603_1",1
"4261_1",1
"10707_9",1
"7050_4",1
"8176_7",1
"6684_3",1
"7159_4",1
"2077_4",1
"6216_7",1
"10608_10",1
"1782_8",1
"2702_7",1
"9075_8",1
"2859_8",1
"94_2",1
"2679_9",1
"3540_9",1
"5691_1",1
"9207_4",1
"10891_1",1
"9817_2",1
"290_1",1
"9195_7",1
"2332_8",1
"2476_3",1
"6518_10",1
"603_8",1
"3624_8",1
"9353_8",1
"382_4",1
"2312_10",1
"7150_4",1
"1979_1",1
"4790_7",1
"197_10",1
"915_4",1
"7524_9",1
"284_2",1
"1141_10",1
"6488_3",1
"6224_8",1
"2399_10",1
"1153_8",1
"10015_4",1
"8743_10",1
"838_7",1
"3623_10",1
"8473_4",1
"11242_2",1
"11131_10",1
"6534_8",1
"3119_9",1
"2817_10",1
"11019_2",1
"4493_9",1
"6856_2",1
"4822_8",1
"2678_3",1
"8090_1",1
"5137_1",1
"4027_9",1
"569_7",1
"2603_9",1
"4374_2",1
"10601_1",1
"10238_2",1
"9145_10",1
"6173_1",1
"4964_1",1
"6293_3",1
"1894_4",1
"12475_8",1
"10996_9",1
"710_3",1
"10613_8",1
"4666_1",1
"3316_7",1
"9703_1",1
"9138_10",1
"7977_1",1
"4514_10",1
"6014_4",1
"9059_1",1
"2032_7",1
"6921_2",1
"367_8",1
"9387_7",1
"334_2",1
"10893_8",1
"9725_1",1
"8654_8",1
"9775_4",0
"12206_4",1
"6774_9",1
"7249_2",1
"8629_7",1
"8937_7",1
"3203_8",1
"6120_8",1
"4139_1",1
"9305_3",1
"2164_4",1
"10834_10",1
"10071_8",1
"4232_9",1
"6055_1",1
"10291_9",1
"2499_10",1
"4031_1",1
"9619_1",1
"7096_10",1
"2442_10",1
"4783_1",1
"5214_8",1
"10948_1",1
"4339_4",1
"7186_7",1
"6586_8",1
"1911_8",1
"3954_10",1
"10010_9",1
"12312_1",1
"7270_7",1
"9928_3",1
"9016_8",1
"9695_8",1
"11452_2",1
"9825_2",1
"4359_10",1
"9618_8",1
"7752_10",1
"12069_10",1
"6065_8",1
"10299_10",1
"5041_8",1
"3994_8",1
"10181_10",1
"1571_8",1
"1062_2",1
"62_8",1
"3428_7",1
"2006_10",1
"12158_2",1
"8859_10",1
"4131_3",1
"9217_1",1
"1719_2",1
"2284_3",1
"5207_10",1
"7550_1",1
"11548_10",1
"518_4",1
"10266_7",1
"2494_4",1
"4665_1",1
"7225_4",1
"9606_4",1
"6274_10",1
"9218_10",1
"10597_10",1
"9958_4",1
"2804_9",1
"12229_3",1
"6509_4",0
"5695_1",1
"9892_2",1
"5398_2",1
"11730_8",1
"2258_10",1
"64_3",1
"2220_9",1
"12143_9",1
"5294_10",1
"6300_3",1
"6628_1",1
"1333_7",1
"11949_9",1
"142_8",1
"6149_10",1
"6151_10",1
"8764_9",1
"10693_1",1
"1532_4",1
"3818_10",1
"1709_1",1
"4085_10",1
"1032_10",1
"5656_8",1
"6672_10",1
"996_3",1
"9431_7",1
"5054_8",1
"9096_7",1
"5348_2",1
"6648_9",1
"8981_4",1
"4101_8",1
"1598_1",1
"9999_1",1
"7821_7",1
"8400_7",1
"8353_4",1
"7058_2",1
"10934_3",1
"7268_10",1
"8565_1",1
"12004_9",1
"6260_2",1
"7598_2",1
"8049_3",1
"3858_1",1
"6346_1",1
"10247_1",1
"11873_1",1
"3237_7",1
"26_10",1
"12004_2",1
"1168_10",1
"2907_1",1
"107_10",1
"2078_4",1
"12397_10",1
"6559_7",1
"3496_7",1
"9270_10",1
"9673_7",1
"11741_3",1
"5687_9",1
"5698_8",1
"4391_1",1
"12191_3",1
"9831_1",1
"1661_10",1
"6077_2",1
"7617_7",1
"7889_7",1
"9557_9",1
"6785_3",1
"9590_1",1
"34_1",1
"6436_10",1
"7242_9",1
"8466_3",1
"794_7",1
"7786_7",1
"2095_9",1
"4193_1",1
"3976_7",1
"2850_4",1
"6028_1",1
"8712_1",1
"4245_4",1
"68_9",1
"5922_1",1
"5704_4",1
"4114_8",0
"157_10",1
"7045_1",1
"6519_2",1
"9498_1",1
"2388_1",1
"8394_1",1
"7261_9",1
"139_9",1
"4038_2",1
"3619_8",1
"7278_1",1
"5636_3",1
"504_1",1
"11161_1",1
"4976_1",1
"12142_8",1
"9058_2",1
"3346_8",1
"10178_1",1
"12095_3",1
"7172_9",1
"7464_1",1
"5622_4",1
"10955_10",1
"11222_10",1
"11443_3",1
"11015_10",1
"11600_2",1
"1966_1",1
"675_8",1
"5924_8",1
"8369_7",1
"2558_4",1
"2601_10",1
"1289_1",1
"2449_1",1
"6761_3",1
"4380_3",1
"6968_10",1
"11942_1",1
"6065_4",1
"6620_10",1
"4051_10",1
"6504_1",1
"8570_3",1
"12316_1",1
"2066_10",1
"5327_1",1
"4072_7",1
"2989_8",1
"5421_1",1
"5092_1",1
"54_10",1
"3949_2",1
"8748_10",1
"2280_4",1
"4071_1",1
"2600_1",1
"7347_9",1
"7174_7",1
"8051_10",1
"2341_1",1
"8309_4",1
"11286_1",1
"7262_4",1
"2340_1",1
"2922_9",1
"2362_3",1
"2265_9",1
"8020_2",1
"6503_1",1
"7853_8",1
"1351_7",1
"4617_10",1
"11424_4",1
"2241_10",1
"4399_1",1
"294_1",1
"8267_3",1
"3174_7",1
"8286_4",1
"3422_4",1
"6448_4",1
"8526_7",1
"5043_2",1
"6343_8",1
"2764_4",1
"3329_9",1
"9567_1",1
"5655_10",1
"6455_7",1
"7747_10",1
"11374_10",1
"3065_10",1
"732_8",1
"12012_10",1
"2687_4",1
"2813_4",1
"5468_10",1
"10283_10",1
"8930_2",1
"8521_1",1
"9751_1",1
"5082_1",1
"11455_10",1
"3708_10",1
"2210_8",1
"12471_8",1
"4717_1",1
"6362_3",1
"10555_3",1
"5354_10",1
"1380_2",0
"3794_10",1
"2236_7",1
"9993_2",1
"11369_10",1
"7017_2",1
"9298_8",1
"7762_1",1
"1794_4",1
"7642_3",1
"10107_2",1
"9679_1",1
"8747_3",1
"8066_7",1
"6021_10",1
"4608_2",1
"9709_8",1
"8624_1",0
"3641_9",1
"9158_10",1
"8320_4",1
"6625_1",1
"5032_1",1
"1895_4",1
"9898_10",1
"7994_2",1
"3102_1",1
"4521_7",1
"7227_4",1
"7592_9",1
"11534_3",1
"7756_1",1
"11227_10",1
"4041_10",1
"4056_8",1
"5544_8",1
"3593_10",1
"2123_2",1
"10956_4",1
"8804_10",1
"11022_1",1
"12113_7",1
"3911_10",1
"9319_1",1
"4630_10",1
"10159_7",1
"8577_3",1
"6677_2",1
"4939_2",1
"1286_1",1
"2357_7",1
"11214_10",1
"2943_1",1
"2792_9",1
"8734_7",1
"11956_2",1
"3369_1",1
"11742_9",1
"1502_1",1
"4619_10",1
"2770_10",1
"3071_8",1
"8354_4",1
"3901_4",1
"2431_9",1
"41_4",1
"2827_1",1
"6868_9",1
"8795_10",1
"12442_1",1
"1102_9",1
"4523_1",1
"3363_7",1
"1647_1",1
"1863_1",1
"4163_8",1
"10941_10",1
"11090_4",1
"10795_1",1
"2484_8",1
"2818_2",1
"5297_4",1
"2929_8",1
"10619_9",1
"2170_1",1
"8536_7",1
"7887_3",1
"5867_7",1
"1834_9",1
"2073_10",1
"802_7",1
"11527_1",1
"9812_1",1
"7687_10",1
"1778_1",1
"7820_1",1
"8373_7",1
"716_10",1
"5533_7",1
"6665_1",1
"9886_2",1
"5124_4",1
"2933_1",1
"8755_9",1
"9246_10",1
"7011_2",1
"3367_1",1
"12042_9",1
"9202_10",1
"5303_1",1
"2447_4",1
"11643_7",1
"2661_4",1
"4793_10",1
"830_4",1
"1989_1",1
"5842_3",1
"7811_10",1
"1205_10",1
"4881_9",1
"7647_1",1
"6744_2",1
"494_10",1
"5859_1",1
"10990_8",1
"3017_1",1
"8340_7",1
"9290_10",1
"11044_7",1
"5705_10",1
"11320_1",1
"7040_10",1
"8839_10",1
"10867_9",1
"12081_10",1
"4103_1",1
"5345_2",1
"11709_1",1
"9096_3",1
"5154_3",1
"5685_9",1
"3628_1",1
"1862_8",1
"1401_10",1
"5636_8",1
"9402_8",1
"11062_2",1
"2879_7",1
"9893_8",1
"7776_10",1
"6186_7",1
"5132_1",1
"3415_1",1
"7446_10",1
"3923_10",1
"8685_7",1
"3417_4",0
"4620_3",1
"4185_1",1
"5334_1",1
"8713_1",1
"2956_4",1
"97_7",1
"8639_8",1
"3169_9",1
"1649_10",1
"9479_1",1
"10803_2",1
"4263_3",1
"11738_9",1
"2638_1",1
"12135_3",1
"10674_7",1
"5575_1",1
"1617_1",1
"3793_4",1
"9942_3",1
"10638_1",1
"3408_4",1
"10821_3",1
"12470_3",1
"1949_10",1
"11183_9",1
"10236_10",1
"5475_8",1
"8335_1",1
"2306_4",1
"10431_2",1
"1301_9",1
"4226_9",1
"7954_2",1
"7076_4",1
"3737_3",1
"6585_9",1
"11052_4",1
"5157_10",1
"11361_10",1
"9781_4",1
"6127_7",1
"10849_2",1
"15_10",1
"5750_2",1
"8359_7",1
"1336_1",0
"11229_9",1
"9733_4",1
"1427_10",1
"2151_2",1
"6367_10",1
"6176_8",1
"1493_10",1
"4654_2",1
"7256_10",1
"992_7",1
"11483_1",1
"9827_4",1
"7397_3",1
"11682_2",1
"9905_4",1
"4319_9",1
"12207_9",1
"12243_4",1
"10292_10",1
"6898_10",1
"10393_1",1
"9468_9",1
"891_9",1
"2321_1",1
"12262_7",1
"5699_1",1
"10618_10",1
"7227_7",1
"9569_7",1
"4513_8",1
"6327_2",1
"10090_3",1
"10905_8",1
"1730_1",1
"12428_1",1
"10554_9",1
"10296_8",1
"10235_3",1
"8792_3",1
"12320_1",1
"7237_4",1
"6643_2",1
"10184_9",1
"666_7",1
"4153_4",1
"8843_10",1
"6494_8",1
"810_1",1
"4945_3",1
"749_7",1
"10969_1",1
"2154_8",1
"2388_10",1
"3774_10",1
"4789_10",1
"2350_8",1
"10987_1",1
"7272_10",1
"4184_1",1
"8592_10",1
"8899_4",1
"5821_10",1
"10795_10",1
"10874_7",1
"1908_10",1
"10488_3",1
"12339_3",1
"1674_1",1
"12059_10",1
"4120_8",1
"10516_1",1
"7807_2",1
"791_4",1
"3095_10",1
"11115_2",1
"11347_1",1
"403_1",1
"8451_8",1
"10346_9",1
"4687_1",1
"11363_10",1
"1715_2",1
"1895_10",1
"1323_9",1
"682_4",1
"5824_10",1
"891_1",1
"2084_9",1
"7862_8",1
"6604_7",1
"5606_7",1
"3197_1",1
"6948_9",1
"1723_10",1
"1259_1",1
"8407_4",1
"7653_3",1
"8053_8",1
"1645_2",1
"3966_1",1
"8920_9",1
"4747_2",1
"9017_7",1
"11155_10",1
"5926_9",1
"4918_8",1
"6051_2",1
"12401_4",1
"10373_10",1
"2220_1",1
"10551_10",1
"11078_8",1
"8594_10",1
"2206_10",1
"10215_4",1
"10445_1",1
"10691_1",1
"7809_2",1
"694_8",1
"10972_10",1
"12354_3",1
"10696_1",1
"1488_10",1
"11057_1",1
"1406_10",1
"9957_4",1
"3827_3",1
"4387_9",1
"12103_10",1
"793_1",1
"8823_4",1
"5484_10",1
"615_8",1
"5800_2",1
"11359_2",1
"3711_2",1
"5615_9",1
"4776_2",1
"2097_8",1
"2656_1",1
"5392_4",1
"11054_8",1
"8761_3",1
"12480_2",1
"4156_8",1
"12350_1",1
"1342_10",1
"1868_4",1
"1729_10",1
"11296_7",1
"11678_2",1
"12298_2",1
"1348_1",1
"10414_10",1
"9313_4",1
"6909_9",1
"2591_9",1
"9274_8",1
"12208_9",1
"3732_1",1
"7135_3",1
"1959_1",1
"106_9",1
"11070_8",1
"12476_4",1
"1341_3",1
"5594_4",1
"2777_9",1
"949_8",1
"738_10",1
"6100_10",1
"4004_2",1
"10183_9",1
"4408_1",1
"188_3",1
"1648_9",1
"11809_1",1
"1476_8",1
"9669_2",0
"10787_10",1
"6608_1",1
"4401_10",1
"9670_3",1
"1033_2",1
"9373_7",1
"10138_2",1
"9778_1",1
"6191_3",1
"10051_2",1
"2906_1",1
"2118_4",1
"11384_7",1
"11115_7",1
"568_9",1
"6548_8",1
"430_10",1
"10691_10",1
"11031_1",1
"5545_4",1
"9010_2",1
"7580_10",1
"6284_7",1
"3458_9",1
"5839_4",1
"3077_2",1
"7083_9",0
"11815_10",1
"3320_7",1
"3410_3",1
"3947_1",1
"12114_4",1
"5902_7",1
"1654_10",1
"10985_9",1
"9854_3",1
"11385_4",1
"9898_1",1
"4496_3",1
"10070_3",1
"9311_10",1
"6603_4",1
"10546_10",1
"12188_10",1
"352_10",1
"10453_10",1
"673_2",1
"11985_1",1
"500_1",1
"8144_10",1
"1632_7",1
"11489_10",1
"12460_2",1
"2796_7",1
"8258_4",1
"7178_10",1
"3411_4",1
"11799_10",1
"4640_10",1
"8380_7",1
"12482_9",1
"119_9",1
"5536_1",1
"2803_1",1
"6681_3",1
"88_3",1
"8793_9",1
"6495_4",1
"2203_10",1
"7095_7",1
"10348_1",1
"10292_2",1
"5322_7",1
"1212_7",1
"6156_1",1
"11606_8",1
"4638_10",1
"1389_3",1
"3529_1",0
"4824_8",1
"84_10",1
"9756_10",1
"6342_3",1
"12133_7",1
"4551_10",1
"343_1",1
"8711_2",1
"9358_1",1
"9720_2",1
"6528_2",1
"6591_7",1
"11253_10",1
"4281_3",1
"11649_2",1
"12258_3",1
"11136_1",1
"1412_7",1
"5586_10",1
"8328_3",1
"3563_8",1
"7740_10",1
"832_4",1
"1273_3",1
"11414_4",1
"3943_10",1
"8168_10",1
"830_7",1
"648_8",1
"89_10",1
"7883_9",1
"5148_2",1
"5206_10",1
"2969_2",1
"11860_1",1
"11589_1",1
"3461_8",1
"7692_10",1
"7763_1",1
"5112_10",1
"1066_8",1
"2733_3",1
"5915_8",1
"10900_7",1
"4394_1",1
"4379_10",1
"10792_8",1
"1912_2",1
"2946_8",1
"1850_4",1
"1721_10",1
"1806_9",1
"2013_7",1
"1746_3",1
"9270_4",1
"12465_10",1
"6213_8",1
"4109_7",1
"11546_1",1
"5964_3",1
"1337_4",1
"49_10",1
"7177_10",1
"1723_3",1
"7972_1",1
"6938_8",0
"552_9",1
"1080_1",1
"8713_9",1
"12464_1",1
"3313_4",1
"5478_9",1
"3327_8",1
"4385_8",1
"5756_3",1
"6190_8",1
"9018_3",1
"10715_3",1
"9605_10",1
"1783_4",1
"1403_7",1
"4822_1",0
"7768_10",1
"7190_8",1
"6288_10",1
"714_10",1
"12462_1",1
"8370_8",1
"4016_10",1
"1512_9",1
"11160_7",1
"12261_7",1
"9208_10",1
"8210_4",1
"8139_10",1
"5168_1",1
"6635_1",1
"7099_4",1
"7313_4",1
"10505_1",1
"7569_4",0
"8339_8",1
"387_1",1
"11447_1",1
"10514_1",1
"3104_1",1
"5931_3",1
"9413_1",1
"7293_10",1
"9099_7",1
"4680_7",1
"4663_2",1
"8739_7",1
"11078_1",1
"7636_8",1
"1720_10",1
"734_1",1
"4346_3",1
"678_1",1
"3572_2",1
"11126_4",1
"8150_10",1
"3674_8",1
"1986_8",1
"11758_1",1
"10426_4",1
"9146_3",1
"4160_9",1
"4896_7",1
"4136_3",1
"10407_10",1
"2892_2",1
"6523_3",1
"8790_1",1
"4149_3",1
"1686_2",1
"2844_10",1
"1077_10",1
"8866_1",1
"11736_3",1
"6399_10",1
"8818_10",1
"2595_7",1
"11446_3",1
"10381_8",0
"10875_7",1
"2727_9",1
"3616_2",1
"5340_3",1
"6551_4",1
"487_3",1
"3884_10",1
"4878_9",1
"6394_10",1
"4829_3",1
"10213_7",1
"9646_10",1
"4988_1",1
"2780_4",1
"9212_10",1
"4703_3",1
"953_10",1
"3280_10",1
"6054_1",1
"11235_10",1
"4166_1",1
"7671_10",1
"8556_10",1
"1626_3",1
"1014_4",1
"7918_8",1
"7996_3",1
"9612_2",1
"4373_2",1
"5458_4",1
"5551_8",1
"12209_9",1
"6684_9",1
"3350_1",1
"9645_4",1
"5109_8",1
"7439_3",1
"10353_2",1
"884_1",1
"9429_4",1
"10345_7",1
"1021_7",1
"2608_7",1
"263_1",1
"11517_4",1
"2210_4",1
"9405_7",1
"1931_3",1
"7949_3",1
"5834_7",1
"9453_1",1
"1144_10",1
"11361_3",1
"11810_4",1
"11821_10",1
"4627_4",1
"4877_1",1
"2582_10",1
"1653_1",1
"4299_1",1
"5597_9",1
"1516_1",1
"9349_7",1
"522_10",1
"2570_8",1
"7454_10",1
"4278_9",1
"6499_1",1
"5847_1",1
"7570_2",1
"8736_2",1
"9738_10",1
"9081_2",1
"11207_1",1
"2171_10",1
"3970_3",1
"2169_2",1
"866_2",1
"11812_8",1
"5877_10",1
"792_8",1
"5163_1",1
"11423_8",1
"2235_4",1
"8592_2",1
"9285_10",1
"8940_10",1
"4417_10",1
"3241_9",1
"1016_3",1
"8458_8",1
"1971_3",1
"7890_2",1
"2176_8",1
"1155_2",1
"3618_10",1
"10263_3",1
"7170_9",1
"2938_10",1
"4900_1",1
"3387_10",1
"7385_2",1
"6845_10",1
"6853_3",1
"12172_8",1
"3171_4",1
"10187_1",1
"1728_10",1
"443_2",1
"7634_2",1
"124_2",1
"63_1",1
"1264_9",1
"6508_1",1
"5449_4",1
"6594_4",1
"12200_10",1
"10399_10",1
"5795_8",1
"11306_10",1
"9364_9",1
"6896_10",1
"4690_10",0
"4978_1",1
"8921_8",1
"12279_9",1
"2083_7",1
"1266_4",1
"4864_4",1
"6427_1",1
"6158_10",1
"7508_10",1
"6734_2",1
"6269_4",1
"9551_2",1
"3573_4",1
"3962_1",1
"959_8",1
"4430_7",1
"280_10",1
"9040_9",1
"10783_7",1
"1523_4",1
"4216_8",1
"4098_4",1
"11013_10",1
"7916_3",1
"11194_7",1
"1808_4",1
"5854_4",1
"6747_8",1
"5868_7",1
"11617_1",1
"1950_1",1
"7537_8",1
"6035_8",1
"4759_9",1
"10380_1",1
"7826_9",1
"4209_2",1
"2987_1",1
"7521_10",1
"4310_10",1
"5748_9",1
"9598_10",1
"2505_10",1
"476_1",1
"2223_3",1
"3108_1",1
"12399_4",1
"8431_8",1
"8268_10",1
"2136_3",1
"11798_2",1
"7754_3",1
"6221_8",1
"4744_1",1
"7543_10",1
"2802_8",1
"11243_2",1
"3299_1",1
"1867_9",1
"1340_10",1
"11773_10",1
"2234_4",1
"3514_1",1
"1650_4",1
"9930_9",1
"6248_8",1
"11526_3",1
"8994_1",1
"9840_7",1
"11691_2",1
"4599_4",1
"10719_3",1
"1938_2",1
"1747_8",1
"10696_10",1
"9121_8",1
"8046_1",1
"4886_8",1
"10180_8",1
"11195_2",1
"9284_9",1
"3910_9",1
"2456_10",1
"5732_10",1
"6363_7",1
"8605_3",1
"8251_1",1
"7007_3",1
"12030_8",1
"6070_3",1
"10801_10",1
"2495_2",1
"2958_7",1
"2754_9",1
"7830_10",1
"12408_4",1
"3982_2",1
"73_10",1
"4064_8",1
"12463_1",1
"5634_8",1
"11576_10",1
"8456_1",1
"7616_3",1
"620_2",1
"4403_1",1
"9691_9",1
"3747_7",1
"1088_3",1
"11138_1",1
"9888_3",1
"1508_2",1
"5238_7",1
"1791_10",1
"10408_2",1
"6811_4",1
"137_7",1
"8179_2",1
"10509_8",1
"2663_1",1
"5714_4",1
"6038_3",1
"750_2",1
"7178_1",1
"8993_1",1
"10457_8",1
"3098_8",1
"10271_1",1
"4817_1",1
"9023_10",1
"11847_1",1
"1009_8",1
"10803_9",1
"519_1",1
"10204_10",1
"1641_1",1
"451_2",1
"5639_9",1
"9159_3",1
"10772_10",1
"10213_4",1
"5863_1",1
"5624_10",1
"6623_1",1
"540_8",1
"9644_10",1
"2002_9",1
"4036_2",1
"1137_10",1
"9162_2",1
"3546_4",1
"1749_10",1
"365_10",1
"1543_3",1
"2230_4",1
"5443_1",1
"5630_8",1
"12205_10",1
"7006_8",1
"3136_1",1
"9329_1",1
"1659_7",1
"5236_1",1
"6026_3",1
"11394_10",1
"8401_3",1
"5018_10",1
"2968_7",1
"10419_4",1
"11346_1",1
"9823_4",1
"8819_10",1
"1968_1",1
"9015_10",1
"2758_9",1
"4370_7",1
"3031_7",1
"4527_1",1
"6534_1",1
"11152_10",1
"6161_8",1
"1133_1",1
"1095_2",1
"1126_1",1
"10710_10",1
"3363_1",1
"5183_1",1
"752_10",1
"2518_1",1
"53_7",1
"9239_4",1
"9050_9",1
"11780_8",1
"3442_1",1
"2826_9",1
"3720_7",1
"1188_10",1
"12352_3",1
"5255_1",1
"313_10",1
"4866_7",1
"10029_10",1
"1922_1",1
"11593_3",1
"10457_1",1
"11993_10",1
"2542_9",1
"6776_4",1
"11100_4",1
"11218_3",1
"7432_4",1
"11127_7",1
"6998_7",1
"7792_10",1
"3351_7",1
"2393_3",1
"73_4",1
"10317_10",1
"1511_9",1
"8010_4",1
"4332_2",1
"1636_8",1
"5848_7",1
"10600_10",1
"9948_7",1
"10013_4",1
"431_9",1
"2671_7",1
"7920_10",1
"6245_2",1
"7871_1",1
"6640_1",1
"11391_1",1
"10449_10",1
"5128_1",1
"2341_10",1
"1818_10",1
"12034_10",1
"8077_7",1
"11549_3",1
"1937_4",1
"9714_9",1
"6518_4",1
"10563_2",1
"11147_10",1
"8972_7",1
"6794_1",1
"11130_1",1
"5564_10",1
"11037_1",1
"419_4",1
"4436_4",1
"708_3",1
"1438_9",1
"4488_10",1
"11498_9",1
"2036_7",1
"581_4",1
"977_4",1
"6515_9",1
"6695_2",1
"829_2",1
"70_1",1
"10033_8",1
"817_1",1
"8133_4",1
"10742_1",1
"9041_1",1
"4246_9",1
"6819_3",1
"6101_10",1
"10252_10",1
"5328_4",1
"8634_1",1
"1677_2",1
"8432_10",1
"9624_10",1
"9062_10",1
"3476_1",1
"2660_3",1
"11490_1",1
"1807_3",1
"6319_10",1
"3533_10",1
"151_8",1
"5497_1",1
"5879_10",1
"7989_3",1
"10352_10",1
"10135_3",1
"8505_8",1
"11570_10",1
"5549_10",1
"3537_9",1
"3995_4",1
"11681_1",1
"11739_8",1
"6210_2",1
"11860_10",1
"4021_7",1
"2989_3",1
"6718_1",1
"9481_10",1
"1348_8",1
"9554_10",1
"315_8",1
"1823_9",1
"924_4",1
"7017_10",1
"4532_10",1
"2358_7",1
"10238_7",1
"4054_10",1
"10137_10",1
"1533_4",1
"8719_8",1
"1469_9",1
"2002_1",1
"3672_1",1
"3931_1",1
"10186_1",1
"7412_3",1
"5006_4",1
"6256_8",1
"8834_9",1
"3190_2",1
"9477_1",1
"7773_10",1
"1661_1",1
"9204_2",1
"11898_9",1
"101_9",1
"5314_8",1
"9639_2",1
"10998_1",1
"10340_1",1
"6929_3",1
"10869_7",1
"6589_2",1
"7116_4",1
"3901_9",1
"6439_1",1
"4515_3",1
"10310_1",1
"532_8",1
"75_10",1
"1637_2",1
"2177_7",1
"8745_2",1
"7354_4",1
"3296_10",1
"3423_4",1
"4265_10",1
"10987_10",1
"628_1",1
"7456_1",1
"7718_9",1
"12162_8",1
"1784_8",1
"9564_9",1
"12230_1",1
"8416_3",1
"8153_10",1
"6347_8",1
"12215_1",0
"9803_9",1
"1615_9",1
"623_8",1
"11697_4",1
"2658_3",1
"10572_1",1
"5172_1",1
"159_10",1
"11777_1",1
"2565_1",1
"7759_1",1
"7128_2",1
"6595_9",1
"9848_4",1
"11857_10",1
"5404_1",1
"6138_4",1
"11833_10",1
"171_2",1
"10307_7",1
"5995_8",0
"6561_8",1
"2951_2",1
"411_3",1
"4345_10",1
"2833_2",1
"9322_1",1
"8687_3",1
"137_3",1
"6968_4",1
"9157_10",1
"6645_1",1
"3958_9",1
"6982_1",1
"3545_7",1
"6844_10",1
"9120_9",1
"1251_10",1
"11754_10",1
"11499_8",1
"5503_10",1
"3063_1",1
"8509_10",1
"5729_4",1
"10218_4",1
"11344_1",1
"11241_10",1
"7892_1",1
"11637_4",1
"1096_7",1
"9400_10",1
"5989_10",1
"7860_10",1
"5589_1",0
"2161_7",1
"2431_1",1
"2956_7",1
"477_2",1
"5710_10",1
"7103_8",1
"12151_1",1
"2438_10",1
"5593_2",1
"6754_10",1
"9614_10",1
"1382_1",1
"6371_3",1
"10071_2",1
"1797_3",1
"5816_1",1
"2042_8",1
"1233_10",1
"9504_9",1
"3399_8",1
"10371_4",1
"3614_10",1
"3447_10",1
"10083_10",1
"7651_10",1
"2703_7",1
"6102_1",1
"9606_10",1
"7126_10",1
"4486_2",1
"2867_8",1
"8065_4",1
"2110_7",1
"7484_8",1
"8070_2",1
"1364_3",1
"12417_4",1
"6544_10",1
"10282_2",1
"2659_10",1
"3010_3",1
"8990_1",1
"9566_9",1
"4542_10",1
"1918_10",1
"5846_10",1
"7141_7",1
"3617_2",1
"12201_10",1
"5584_8",1
"10874_1",1
"2765_1",1
"4676_1",1
"12032_7",1
"816_7",1
"1458_8",1
"2861_8",1
"5049_9",1
"4825_1",1
"3034_10",1
"8459_10",1
"3783_10",1
"5580_10",1
"2640_3",1
"5881_10",1
"8842_1",1
"1398_1",1
"6012_8",1
"2981_8",1
"9683_7",1
"3345_3",1
"6366_9",1
"11396_2",1
"12285_10",1
"3902_9",1
"1748_10",1
"3265_7",1
"2984_10",1
"9075_4",1
"2443_10",1
"1392_7",1
"4302_7",1
"2365_3",1
"8325_10",1
"7667_1",1
"12450_3",1
"11325_9",1
"7304_8",1
"2656_10",1
"10079_1",1
"6095_9",1
"35_1",1
"2261_1",1
"10936_7",1
"8361_8",1
"500_10",1
"3434_4",1
"11280_2",1
"10313_10",1
"11897_3",1
"1516_7",1
"9456_10",1
"6280_7",1
"6206_7",1
"5254_9",1
"3966_10",1
"1528_9",1
"8280_4",1
"6956_8",0
"6759_10",1
"12158_10",1
"8831_1",1
"9038_10",1
"5236_8",1
"9334_3",1
"2890_3",1
"11413_10",1
"1258_3",1
"706_10",0
"4081_9",1
"11528_2",1
"12339_7",1
"6291_1",1
"5913_10",1
"9546_2",1
"6802_7",1
"687_3",1
"11830_10",1
"7279_10",1
"10880_10",1
"4234_9",1
"6156_8",1
"11738_2",1
"10966_8",1
"1476_3",1
"11500_8",1
"8989_9",1
"9311_1",1
"91_4",1
"11766_2",1
"5627_3",1
"9682_9",1
"10387_9",1
"8408_2",1
"11422_1",1
"701_8",1
"4875_3",1
"7446_3",1
"9732_1",1
"7578_2",1
"12498_1",1
"4939_10",1
"6274_1",1
"8931_1",1
"11744_7",1
"1120_9",1
"5317_10",1
"12322_8",1
"4815_7",1
"254_10",1
"6457_10",1
"6298_4",1
"11313_10",1
"1166_1",1
"1813_9",1
"10525_7",1
"11605_7",1
"1210_8",1
"10659_10",1
"10260_10",1
"7850_4",1
"11839_1",1
"4157_10",1
"11268_2",1
"10259_10",1
"6848_4",1
"7863_9",1
"4184_10",1
"8073_4",1
"7688_2",1
"10673_9",1
"699_9",1
"3651_10",1
"2960_7",1
"358_9",1
"4471_8",1
"12304_1",0
"7134_9",1
"4869_8",1
"10236_4",1
"9715_8",1
"166_7",1
"5098_1",1
"9302_7",1
"445_9",1
"10995_10",1
"3983_3",1
"865_10",1
"3562_3",1
"6440_1",1
"1542_7",1
"11835_10",1
"1287_1",1
"2583_8",1
"11382_3",1
"11033_1",1
"8631_10",1
"6955_9",1
"2179_4",1
"12431_8",1
"2127_8",1
"12200_1",1
"5156_8",1
"12145_9",0
"11646_1",1
"8281_3",1
"1402_4",0
"3676_1",1
"10668_7",1
"4842_1",1
"3990_1",1
"5928_4",1
"4748_8",1
"2351_4",1
"3591_2",1
"8099_2",1
"314_10",1
"3799_1",1
"1646_7",1
"2389_9",1
"654_9",1
"3014_7",1
"5457_3",1
"12459_1",1
"3600_8",1
"528_1",1
"6885_3",1
"11763_1",1
"4296_3",1
"6660_2",1
"6731_10",1
"11525_7",1
"4613_2",1
"2992_10",1
"5908_4",1
"5791_10",1
"12453_10",1
"7761_10",1
"9169_1",1
"10869_1",1
"2430_8",1
"3011_1",1
"6517_8",1
"840_8",1
"2724_1",1
"5574_10",1
"7717_8",1
"6889_10",1
"3042_3",1
"4902_8",1
"7582_1",1
"9368_9",1
"4443_3",1
"11861_9",1
"327_10",1
"10189_10",1
"12236_2",1
"3261_1",1
"3735_3",1
"8242_4",1
"4379_4",1
"5568_8",0
"7066_1",1
"2673_9",1
"8323_10",1
"653_1",1
"2795_1",1
"2848_4",1
"9388_2",0
"2567_2",1
"4451_3",1
"5111_7",1
"4957_8",1
"1572_3",1
"5959_3",1
"3544_1",1
"5162_9",1
"11122_8",1
"6322_9",1
"9704_7",1
"11622_10",1
"6549_1",1
"10253_7",1
"5437_1",1
"8740_2",1
"5331_4",1
"11199_4",1
"252_9",1
"9145_3",1
"7126_1",1
"11439_4",1
"2805_8",1
"2698_3",1
"7664_8",1
"4588_9",1
"45_2",1
"6625_8",1
"11463_1",1
"6633_1",1
"3967_1",1
"6093_1",1
"1522_1",1
"1475_1",1
"1854_1",1
"2184_7",1
"10827_9",1
"3281_1",1
"104_1",1
"10973_7",1
"10735_1",1
"368_8",1
"10453_1",1
"12079_1",0
"10533_3",1
"7241_9",1
"6223_2",1
"669_10",1
"3576_7",1
"6832_4",1
"5899_10",1
"8854_10",1
"8803_3",1
"5268_10",1
"6862_1",1
"3382_10",1
"3832_1",1
"12080_3",1
"4788_1",1
"4478_4",1
"2705_7",1
"10374_10",1
"4671_7",1
"9077_3",1
"216_2",1
"10882_9",1
"10442_8",1
"7649_3",1
"7987_1",1
"8176_4",1
"5751_3",1
"8869_1",1
"8744_2",1
"1556_9",1
"5642_8",1
"5339_1",1
"5759_10",1
"2067_9",1
"3341_4",1
"5793_8",1
"1804_2",1
"5532_8",1
"8113_2",1
"11873_8",1
"10377_2",1
"10288_1",1
"2415_2",1
"4448_9",1
"3976_4",1
"3950_10",1
"6064_9",1
"3643_1",1
"5858_1",1
"3643_7",1
"11014_10",1
"8227_7",1
"8756_10",1
"11734_10",1
"9690_2",1
"545_7",1
"5925_9",1
"10134_4",1
"9866_2",1
"11324_2",1
"439_1",1
"6568_8",1
"1939_2",1
"9968_10",1
"897_8",1
"7414_4",1
"6179_4",1
"7379_7",1
"2594_3",1
"7675_10",1
"7440_10",1
"5098_10",1
"12364_7",1
"4179_9",1
"12177_8",1
"5781_7",1
"2631_4",1
"11432_7",1
"5805_2",0
"7161_4",1
"8332_3",1
"12031_1",1
"11103_4",1
"12072_9",1
"2144_4",1
"11790_10",1
"4932_10",1
"5862_7",1
"7488_4",1
"3244_9",1
"10854_1",1
"4282_7",0
"2110_4",1
"7942_10",1
"6395_3",1
"3421_2",1
"9232_1",1
"10721_7",1
"4223_1",1
"1256_7",1
"10658_9",1
"2591_1",1
"1743_8",1
"11712_7",1
"3139_1",1
"2141_1",1
"10222_8",1
"7427_10",1
"945_2",1
"10202_9",1
"11425_2",1
"10086_1",1
"11834_8",1
"1858_8",1
"7082_10",1
"38_1",1
"7184_1",1
"5983_1",1
"9030_1",1
"10130_2",1
"9824_1",1
"12449_2",1
"618_7",1
"6294_4",1
"5985_2",1
"7912_7",1
"6476_2",1
"10122_10",1
"11751_3",1
"11310_10",1
"6520_4",1
"10008_8",1
"3634_10",1
"3414_3",1
"11276_7",1
"6992_1",1
"11491_4",1
"8662_9",1
"2058_9",1
"8634_7",1
"3441_9",1
"774_4",1
"1968_8",1
"2988_10",1
"5303_10",1
"7772_2",1
"7362_4",1
"2066_1",1
"7393_10",1
"12199_7",1
"4349_2",1
"8351_3",1
"2523_10",1
"1418_10",1
"10070_10",1
"7179_2",1
"11788_10",1
"9777_1",1
"2310_10",1
"7252_10",1
"104_10",1
"6351_4",1
"11226_9",1
"3326_9",1
"8142_10",1
"2125_10",1
"5347_9",1
"10767_3",1
"11904_1",1
"4074_10",1
"5888_3",1
"11312_1",1
"9177_1",1
"9216_10",1
"12314_10",1
"5677_2",1
"2308_3",1
"9149_8",0
"10656_3",1
"4296_9",1
"4940_10",0
"2976_10",1
"11848_2",1
"9792_3",1
"10264_8",1
"8110_8",1
"3233_2",1
"4743_10",1
"2662_1",1
"9747_10",1
"3310_2",1
"5608_3",1
"5543_7",1
"3705_7",1
"4273_10",1
"531_2",1
"10270_1",1
"9755_4",1
"5600_10",1
"10783_4",1
"10954_7",1
"10223_10",1
"11939_7",1
"6204_10",1
"2779_10",1
"9068_3",1
"7539_10",1
"9350_3",1
"1078_9",1
"1215_10",1
"2159_1",1
"8375_4",1
"186_9",1
"6936_9",1
"1515_7",1
"9269_1",1
"10028_3",1
"6070_10",1
"4980_7",1
"11637_8",1
"9847_1",1
"4535_1",1
"242_3",1
"7499_2",1
"7352_3",1
"2148_1",1
"638_1",1
"11913_7",1
"3999_2",1
"11768_8",1
"7486_10",1
"103_10",1
"11559_9",1
"7639_3",1
"6068_10",1
"3097_1",1
"9111_1",1
"10394_9",1
"440_1",1
"7488_7",1
"11632_10",1
"12047_8",1
"394_9",1
"6460_8",1
"9910_8",1
"7381_1",1
"1131_2",1
"7084_8",1
"6290_7",1
"2276_8",1
"1404_4",1
"8199_9",1
"5546_4",1
"10535_10",1
"6735_1",1
"1765_10",1
"1157_9",1
"3937_8",1
"1635_1",1
"7250_8",1
"7892_10",0
"5856_7",1
"10809_3",1
"5775_10",1
"1383_10",1
"10866_9",1
"9118_1",1
"5142_1",1
"2260_8",1
"2788_1",1
"7685_10",1
"7811_4",1
"5059_10",1
"7475_1",1
"6082_3",1
"7502_8",1
"9851_8",1
"1815_10",1
"9628_9",1
"5014_10",1
"4468_9",1
"4408_10",1
"4716_1",1
"8611_1",1
"5828_10",1
"11716_10",1
"5566_10",1
"6169_4",1
"4136_7",1
"607_10",1
"7333_1",1
"2971_10",1
"988_8",1
"3658_10",1
"11362_2",1
"7294_10",1
"871_10",1
"5605_10",1
"623_2",1
"7590_7",1
"6175_4",1
"1474_7",1
"11630_7",1
"664_9",1
"3535_1",1
"10718_1",1
"7133_2",1
"7877_10",1
"8675_4",1
"8118_1",1
"6476_8",0
"9444_1",1
"6863_9",1
"5463_1",1
"5560_3",1
"3644_9",1
"375_1",1
"3812_1",1
"8059_8",1
"9189_10",1
"11871_8",1
"9048_4",1
"630_3",1
"9264_10",1
"5796_9",1
"327_1",1
"7780_2",1
"7349_10",0
"4672_8",1
"1301_1",1
"10750_1",1
"12045_4",1
"9960_2",1
"3007_10",1
"3988_7",1
"2071_1",1
"855_9",1
"5067_2",1
"1019_3",1
"3814_7",1
"3419_2",1
"12039_4",1
"2361_1",1
"4954_3",1
"7634_7",1
"1603_10",1
"9384_2",1
"4148_3",1
"11814_4",1
"11387_1",1
"3591_10",1
"1100_9",1
"8060_9",1
"3481_2",1
"11121_2",1
"1566_4",1
"7346_10",1
"11704_10",1
"2369_8",1
"2115_2",1
"10470_1",1
"11523_7",1
"9164_9",1
"2880_3",1
"2406_9",1
"10658_3",1
"6861_7",1
"11618_10",1
"1924_10",1
"1856_7",1
"4010_2",1
"11122_2",1
"1211_1",1
"1888_9",1
"6671_4",1
"10925_4",1
"9410_1",1
"599_1",1
"10087_7",1
"9780_4",1
"6464_4",1
"11075_8",1
"6808_9",1
"12196_7",1
"10801_1",1
"4028_2",1
"758_10",1
"3552_4",1
"12357_7",1
"5083_10",1
"302_3",1
"1170_1",1
"289_1",1
"12016_7",1
"5295_1",1
"9689_10",1
"7426_10",1
"4331_8",1
"4463_7",1
"1557_10",1
"2279_3",1
"3503_1",1
"11342_4",1
"11189_10",1
"2234_7",1
"9829_2",1
"4272_9",1
"10529_3",1
"6965_10",1
"9356_1",1
"5802_4",1
"11607_4",1
"2011_10",1
"8753_4",1
"10799_3",1
"4667_1",1
"6587_4",1
"9725_10",1
"7710_1",1
"9864_4",1
"8926_10",1
"4364_1",1
"7703_4",1
"6370_2",1
"245_8",1
"12092_8",1
"2762_2",1
"7735_1",1
"6074_3",1
"2291_1",1
"2677_3",1
"11416_7",1
"7268_1",1
"446_10",1
"11229_4",1
"10298_9",1
"5682_1",1
"10144_1",1
"7287_4",1
"10458_7",1
"4126_1",1
"1720_3",1
"6222_9",1
"10067_4",1
"10203_10",1
"5910_2",1
"9140_10",0
"4582_7",1
"5038_4",1
"11620_4",1
"10164_9",1
"629_7",1
"4356_3",1
"168_1",1
"11193_7",1
"259_2",1
"5169_10",1
"10261_1",1
"2834_9",1
"3232_10",1
"6006_4",1
"7738_4",1
"374_4",1
"10309_8",1
"1874_1",1
"7285_1",1
"7078_2",1
"6361_7",1
"8946_1",1
"458_4",1
"10816_2",1
"1742_3",1
"1249_9",1
"3475_9",1
"3739_2",1
"9924_8",1
"11531_1",1
"3402_1",1
"2786_2",1
"3095_3",1
"165_4",1
"495_10",1
"1383_1",1
"812_3",1
"7785_10",1
"7476_10",1
"6526_7",1
"11077_10",1
"7618_3",1
"210_9",1
"520_2",1
"7475_9",1
"8622_2",1
"6154_3",1
"4359_1",1
"10023_8",1
"9985_1",1
"10662_10",1
"11342_10",1
"10510_7",1
"6049_4",1
"9766_7",1
"5990_10",1
"3446_4",1
"5629_1",1
"4351_10",1
"2778_2",1
"11148_3",1
"2184_1",1
"11051_4",1
"12418_7",1
"8876_8",1
"12423_9",1
"10214_10",1
"2692_7",1
"11971_8",1
"8047_1",1
"7929_9",1
"8933_8",1
"1861_7",1
"2828_10",1
"1535_7",1
"12365_10",1
"1393_8",1
"1680_10",1
"8612_2",1
"96_10",1
"2068_9",1
"8730_1",1
"742_2",1
"9425_2",1
"6564_2",1
"8594_3",1
"12283_8",1
"6738_10",0
"2723_8",1
"9469_10",1
"5688_1",1
"1681_1",1
"10207_3",1
"2200_10",1
"12213_10",1
"4507_4",1
"9394_1",1
"3675_7",1
"1151_1",1
"4810_7",1
"80_4",1
"7451_10",1
"6914_10",1
"10229_10",1
"7709_9",1
"8487_1",1
"558_10",1
"1084_8",1
"9278_7",1
"4308_1",1
"11072_8",1
"3955_1",1
"11176_1",1
"12458_10",1
"3779_8",1
"12054_2",1
"7331_1",1
"7201_1",1
"11252_3",1
"11890_1",1
"5481_1",1
"11638_4",1
"4837_4",1
"6128_3",1
"580_3",1
"6644_1",1
"4883_3",1
"404_1",1
"10005_8",1
"258_8",1
"7189_2",1
"10785_10",1
"8987_7",1
"2554_10",1
"3797_1",1
"9816_9",1
"11901_3",1
"11999_2",1
"3109_8",1
"5725_4",1
"4035_2",1
"711_4",1
"11202_1",1
"2207_10",1
"11349_10",1
"6881_4",1
"99_3",1
"11781_10",1
"4928_10",1
"11867_8",1
"12224_9",1
"11324_10",1
"2461_7",0
"2340_10",1
"4660_4",1
"7485_7",1
"6204_1",1
"6824_1",1
"7359_1",1
"7320_10",1
"1059_1",1
"5724_3",1
"11331_1",1
"9328_2",1
"6118_10",1
"4395_10",1
"3949_10",1
"6971_2",1
"457_8",1
"9574_10",1
"5228_9",1
"7913_9",1
"10501_10",1
"8573_7",1
"12070_4",1
"4929_1",1
"6583_7",1
"8203_7",1
"2548_2",1
"756_1",1
"9234_9",1
"8252_8",1
"11561_1",1
"7203_10",1
"5583_10",1
"10623_8",1
"778_9",1
"7450_4",1
"226_9",1
"2850_9",1
"2403_10",1
"1003_4",1
"3349_10",1
"12021_8",1
"1809_7",1
"10029_1",1
"3760_1",1
"1487_9",1
"4917_4",1
"10974_2",1
"1816_10",1
"11730_3",1
"12331_9",1
"9243_10",1
"11417_3",1
"316_10",1
"7919_2",1
"12488_8",1
"7832_2",1
"7241_2",1
"807_10",1
"5665_2",1
"7938_1",1
"8942_1",1
"11478_3",1
"3462_2",1
"6545_2",1
"3032_1",1
"11878_3",1
"4979_7",1
"3972_3",1
"5346_3",1
"10999_2",1
"9008_10",1
"10454_8",1
"5869_10",1
"2081_2",1
"1619_10",1
"9152_2",1
"4688_10",1
"1883_4",1
"7529_3",1
"10440_1",1
"6983_4",1
"6698_3",1
"9986_10",1
"10094_4",1
"3828_10",1
"2016_2",1
"4795_8",1
"1366_3",1
"9509_3",1
"12376_4",1
"2877_2",1
"12023_8",1
"198_3",1
"993_8",1
"8865_1",1
"141_8",1
"3004_10",1
"11488_1",1
"8387_9",1
"8936_7",1
"8547_3",1
"5231_9",1
"8591_7",1
"7246_10",1
"11533_9",1
"9092_3",1
"10829_9",1
"2223_10",1
"11604_3",1
"5394_8",1
"11943_4",1
"1362_9",1
"12294_10",1
"608_8",1
"708_10",1
"7552_4",1
"5393_1",1
"10640_7",1
"11026_3",1
"905_3",1
"11362_10",1
"2909_7",1
"4046_10",1
"6460_4",1
"1139_1",1
"2675_7",1
"5750_8",1
"6637_8",1
"3979_8",1
"10836_1",1
"5226_7",1
"2726_10",1
"11204_2",1
"1653_10",1
"12104_7",1
"1415_1",1
"4481_1",1
"2391_9",1
"56_10",1
"5509_9",1
"7522_10",1
"3330_3",1
"3694_3",1
"9677_10",1
"426_4",1
"7914_8",1
"680_8",1
"2009_9",1
"138_1",1
"6050_2",1
"2053_8",1
"12020_10",1
"11581_1",1
"6537_1",1
"8719_1",1
"5029_3",1
"7135_9",1
"6397_7",1
"7740_2",1
"9856_4",1
"10543_7",1
"3679_10",1
"5368_8",1
"1984_2",1
"5765_7",1
"4127_4",1
"657_1",1
"3426_10",1
"11644_3",0
"12416_2",1
"55_10",1
"9072_4",1
"4196_1",1
"5564_1",1
"9135_3",1
"981_9",1
"4459_9",1
"6246_10",1
"11839_10",1
"3411_10",1
"9125_4",1
"11827_4",1
"4789_4",1
"8195_1",1
"3944_9",1
"5029_7",1
"9256_8",1
"8164_8",1
"4838_2",1
"6222_1",1
"395_8",1
"8701_7",1
"10943_3",1
"11872_7",1
"920_10",1
"10095_9",1
"7061_2",1
"10359_8",1
"7075_3",1
"9103_10",1
"3085_4",1
"12249_2",1
"3564_2",1
"12112_3",1
"10817_8",1
"7626_2",1
"2528_10",1
"1267_8",1
"11501_8",1
"10006_7",1
"9067_8",1
"4372_7",1
"10439_3",1
"10689_10",1
"2051_7",1
"1567_7",1
"2583_1",1
"2539_10",1
"11509_1",1
"10840_2",1
"7774_10",1
"9582_7",1
"4032_8",1
"1920_3",1
"4537_10",1
"3942_2",1
"2771_3",1
"7897_1",1
"11008_4",1
"3051_4",1
"3498_10",1
"5565_1",1
"4178_1",1
"1579_7",1
"4001_8",1
"7029_3",1
"7098_1",1
"1123_1",1
"10647_3",1
"8103_4",1
"7049_8",1
"5894_3",1
"10104_10",0
"2622_2",1
"5040_1",1
"7368_3",1
"4972_8",1
"8191_10",1
"4924_4",1
"3339_7",1
"10354_7",1
"11311_1",1
"1669_4",1
"6704_1",1
"6444_1",1
"10089_9",1
"814_7",1
"1697_2",1
"10109_1",1
"1924_1",1
"539_7",1
"1912_8",1
"4141_7",1
"5538_3",1
"6279_4",1
"10409_10",1
"6251_10",1
"1146_10",1
"3857_1",1
"2548_7",1
"8885_8",1
"11700_9",1
"7569_10",1
"4719_1",1
"6320_10",1
"7936_10",1
"3616_7",1
"3689_7",1
"8893_7",1
"4816_8",1
"9373_1",1
"556_1",1
"11346_8",1
"10259_3",1
"8477_10",1
"8490_1",1
"3376_1",1
"11655_2",1
"8121_1",1
"1979_10",1
"1064_1",1
"1624_1",1
"8246_8",1
"5116_2",1
"75_1",1
"10651_9",1
"8500_1",0
"12195_1",1
"11424_8",1
"9699_1",1
"8955_1",1
"6434_9",1
"153_4",1
"5005_8",1
"8846_1",1
"5123_10",1
"6395_10",1
"2380_8",1
"11697_7",1
"5569_4",1
"9194_10",1
"6869_4",1
"2089_4",1
"938_1",1
"786_10",1
"2566_9",1
"7621_1",1
"11271_4",1
"12374_3",1
"9735_3",1
"10477_9",1
"4452_8",1
"3245_9",1
"2678_10",1
"10936_3",1
"10109_10",1
"4801_2",1
"12305_9",1
"10977_2",1
"5057_1",1
"8997_2",1
"9436_8",1
"6052_4",1
"8395_1",1
"4688_3",1
"1945_8",1
"4042_2",1
"2069_4",1
"6675_3",1
"3683_10",1
"11089_1",1
"2079_1",1
"12300_10",1
"3460_1",1
"6990_4",1
"3062_2",1
"9393_9",1
"7359_10",1
"4689_10",1
"1413_3",1
"10737_2",1
"4416_4",1
"1485_10",1
"3365_8",0
"9214_1",1
"12138_7",1
"7727_4",1
"4802_8",1
"6584_1",1
"2124_8",1
"7527_1",1
"3647_10",1
"8481_10",1
"8705_1",1
"1621_1",1
"4132_1",1
"6692_8",1
"6432_1",1
"7248_3",1
"8770_8",1
"7351_1",1
"8220_1",1
"6500_1",1
"6765_10",1
"8956_1",1
"7119_7",1
"9921_9",1
"8849_2",1
"9105_10",1
"41_9",1
"3785_3",1
"7020_1",1
"11296_1",1
"8163_7",1
"766_8",1
"1565_7",1
"11574_10",1
"6110_10",1
"3852_4",1
"11554_10",1
"11814_10",1
"4389_10",1
"5840_2",1
"10169_3",1
"6399_3",1
"8853_1",1
"6658_1",1
"4474_1",1
"12204_10",1
"7335_3",1
"9465_8",1
"11998_8",1
"6656_1",1
"11558_9",1
"10330_9",1
"12232_4",1
"1020_2",1
"10187_10",1
"7570_10",1
"4956_1",1
"10456_1",1
"2286_3",1
"5326_8",1
"4783_10",1
"2856_1",1
"9611_1",1
"2037_7",1
"1694_7",1
"493_1",1
"11235_3",1
"2197_10",1
"6617_7",1
"5413_1",1
"1290_2",1
"965_3",1
"7782_10",1
"3600_2",1
"10421_8",1
"6531_1",1
"3755_9",1
"10427_10",1
"8784_7",1
"6031_9",1
"4772_9",1
"11335_2",1
"998_7",1
"1490_3",1
"8371_10",1
"5001_8",1
"8487_10",1
"3687_8",1
"5462_8",1
"7361_8",1
"3341_8",1
"6584_7",1
"5898_9",1
"3018_9",1
"2385_4",0
"1989_8",1
"5668_1",1
"12419_1",1
"10537_9",0
"6756_4",1
"9687_10",1
"8460_8",1
"2473_2",1
"4730_10",1
"6630_10",1
"1022_3",1
"7437_10",1
"7298_1",1
"9448_10",1
"2260_3",1
"5321_9",1
"2898_3",1
"1463_4",1
"6450_1",1
"2673_2",1
"8006_2",1
"4595_3",1
"7869_1",1
"4962_7",1
"1423_10",1
"1067_9",1
"5780_9",1
"4127_10",1
"11164_1",1
"9470_4",1
"3814_3",1
"5363_3",1
"11647_2",1
"2263_1",1
"10722_7",1
"7339_10",1
"11009_10",1
"10359_1",1
"3377_9",1
"9036_1",1
"9992_4",1
"6339_3",1
"10128_10",0
"1410_7",1
"4324_4",1
"7571_10",1
"1169_1",1
"8782_4",1
"9318_7",1
"485_4",1
"1343_10",1
"6749_10",1
"8132_3",1
"11183_4",1
"7234_10",1
"5217_1",1
"11043_10",1
"9744_10",1
"8778_10",1
"4223_10",1
"10541_8",1
"11116_10",1
"6422_8",1
"4130_1",1
"6430_3",1
"10487_7",1
"11869_1",1
"1625_9",1
"3702_4",1
"31_4",1
"5961_8",1
"2540_4",1
"9997_2",1
"12383_2",1
"8147_10",1
"8161_3",1
"9310_8",1
"8962_1",1
"5765_4",1
"5801_9",1
"880_8",1
"10520_10",1
"11582_1",1
"6021_4",1
"5870_1",1
"1733_8",1
"5249_9",1
"10133_8",1
"11504_1",1
"2942_10",1
"4260_8",0
"1698_10",1
"2413_9",1
"5963_2",1
"6014_9",1
"9788_10",1
"4099_9",1
"7940_1",1
"11270_3",1
"3825_10",1
"12121_9",1
"10598_4",1
"8967_1",1
"10355_4",1
"943_3",1
"5938_2",1
"4333_4",1
"5251_2",1
"3148_2",1
"9832_3",1
"3400_10",1
"3934_3",1
"2339_9",1
"10197_8",1
"1805_7",1
"2487_9",1
"4085_2",1
"9721_4",1
"8892_7",1
"9348_3",1
"8339_3",1
"1897_1",1
"9192_7",1
"5089_2",1
"10170_8",1
"2549_2",1
"5283_2",1
"4745_8",1
"1829_8",1
"10322_1",1
"11849_9",1
"1275_3",1
"12112_8",1
"5124_10",1
"2680_9",1
"4345_1",1
"10042_8",1
"4425_3",1
"11028_10",1
"10142_3",1
"10512_1",1
"3948_1",1
"5269_9",1
"11481_4",1
"4742_1",1
"4422_3",1
"736_8",1
"9336_7",1
"9923_8",1
"2023_7",1
"11345_1",1
"7839_8",1
"7211_1",1
"1978_7",1
"3333_7",1
"1450_3",1
"9087_9",1
"3485_7",1
"10186_10",1
"7624_4",1
"8407_10",1
"11919_4",1
"11795_2",1
"2996_9",1
"3757_3",1
"10277_2",1
"5311_3",1
"3846_1",1
"6649_3",1
"4548_10",1
"1605_9",1
"5712_2",1
"3230_9",1
"9983_3",1
"5739_4",1
"4854_8",1
"7923_9",1
"8253_1",1
"3995_9",1
"6780_8",1
"11778_1",1
"1061_1",1
"212_4",1
"10958_1",1
"2686_10",1
"6075_1",1
"9180_3",1
"1634_2",1
"2562_10",1
"5387_1",1
"4962_4",1
"1515_1",1
"9935_3",1
"8638_1",1
"11411_2",1
"11756_9",1
"11787_10",1
"11748_1",1
"502_4",1
"8925_4",1
"2112_2",0
"8034_9",1
"7852_4",1
"4823_8",1
"3564_8",1
"8529_7",1
"2646_10",1
"5641_7",0
"3300_8",1
"12013_1",1
"10046_10",1
"10297_10",1
"438_2",1
"3937_4",1
"11851_1",1
"2697_2",1
"7572_1",1
"5246_2",1
"11856_1",1
"4449_7",1
"8503_7",1
"11507_1",1
"11245_2",1
"10657_1",1
"11347_9",1
"6362_10",1
"9184_7",1
"7527_7",1
"12000_4",1
"7160_10",1
"3792_3",1
"10467_3",1
"8193_9",1
"187_1",1
"5138_8",1
"11029_8",1
"3714_1",1
"9195_4",1
"9095_10",1
"5644_1",1
"11887_2",1
"5356_3",1
"2001_8",1
"6140_4",1
"11631_7",1
"10914_1",1
"8735_9",1
"462_4",1
"4598_4",1
"2560_3",1
"8765_1",1
"5210_10",1
"10290_10",1
"1848_2",1
"11248_10",1
"3469_10",1
"3648_1",1
"3316_1",1
"4500_9",1
"5653_3",1
"6725_4",1
"3471_3",1
"8181_3",1
"12283_1",1
"8024_10",1
"461_1",1
"3358_4",1
"12493_7",1
"9852_4",1
"1994_10",1
"3900_8",1
"4287_9",1
"10941_3",1
"12337_3",1
"6179_10",1
"6482_3",1
"1341_10",1
"7839_2",1
"7143_10",1
"3796_3",1
"7775_10",1
"1936_7",1
"10092_8",1
"1399_7",1
"7868_8",1
"8643_9",1
"428_10",1
"3073_2",1
"8191_3",1
"297_2",1
"535_10",1
"9707_1",1
"5410_1",1
"3766_10",1
"1937_10",1
"3372_1",1
"7780_10",1
"4850_7",1
"10429_1",1
"10879_4",1
"10055_1",1
"1547_1",1
"6061_10",1
"10234_3",1
"3106_1",1
"2076_10",1
"7679_9",1
"9460_9",1
"7500_10",1
"5937_4",1
"2968_1",1
"9954_4",1
"12429_10",1
"8879_4",1
"11448_8",1
"1302_1",1
"9533_4",1
"7813_3",1
"3509_8",1
"9197_9",1
"6472_7",1
"10240_10",1
"1511_2",1
"5728_1",1
"12024_10",1
"4088_9",1
"9423_1",1
"11806_1",1
"770_10",1
"11288_4",1
"1925_9",1
"8597_2",1
"5549_3",1
"2519_4",1
"9338_1",1
"10585_8",1
"813_1",1
"5849_7",1
"3612_2",1
"376_10",1
"8198_1",1
"9011_3",1
"7282_3",1
"10644_8",1
"86_3",1
"2309_3",1
"11498_1",1
"10465_10",1
"9710_9",1
"3791_9",1
"6001_3",1
"10152_9",1
"10626_1",1
"5387_8",1
"11134_1",1
"6687_9",1
"1156_2",1
"7193_9",1
"5261_3",1
"11175_2",1
"6266_7",1
"331_4",1
"6800_10",1
"5916_7",1
"4106_9",1
"4610_9",1
"453_9",1
"3764_4",1
"4037_2",1
"7792_3",1
"7199_10",1
"2460_7",1
"6297_4",1
"11272_8",1
"5806_3",1
"3935_7",1
"5744_10",1
"3746_7",1
"2648_2",1
"1024_4",1
"7010_10",1
"8086_1",1
"3540_3",1
"5123_4",1
"2535_10",1
"1711_4",1
"4953_7",1
"4244_10",1
"4903_7",1
"11450_3",1
"804_1",1
"4407_1",1
"9759_10",1
"6998_1",1
"5061_4",1
"8320_10",1
"11996_7",1
"2494_8",1
"1452_3",1
"1510_1",1
"2280_10",1
"11305_1",1
"9545_4",1
"12314_1",1
"8957_8",1
"11127_1",1
"10477_1",1
"12251_8",1
"7269_1",1
"10781_10",1
"9225_1",1
"9671_9",1
"12404_4",1
"6979_1",1
"3626_7",1
"11510_9",1
"1501_9",1
"8671_9",1
"199_4",1
"359_4",1
"12333_7",1
"9106_1",1
"10859_9",1
"6982_10",1
"9266_2",1
"9562_10",1
"5949_7",1
"1607_9",1
"8816_8",1
"4838_9",1
"6708_10",1
"3607_3",1
"4779_1",1
"4564_10",1
"506_2",1
"3219_10",1
"2049_1",1
"7408_9",1
"870_4",1
"11367_10",1
"6712_8",1
"1191_1",1
"4741_10",1
"6926_10",1
"6636_8",1
"11308_10",1
"1774_7",1
"8649_8",1
"9843_7",1
"8658_1",1
"3271_4",1
"529_1",1
"1601_10",1
"6121_9",1
"9209_10",1
"7171_9",1
"8728_7",1
"5954_10",1
"5617_2",1
"4355_1",1
"622_1",1
"2870_1",1
"8016_8",1
"10653_10",1
"9742_9",1
"11903_10",1
"373_2",1
"2450_10",1
"9132_2",1
"4285_4",1
"2585_8",1
"1359_10",1
"10328_10",1
"12061_1",1
"2288_4",1
"12098_1",1
"324_3",1
"8918_7",1
"5272_3",1
"646_1",1
"9654_8",1
"10589_3",1
"8477_1",1
"9420_3",1
"5769_1",1
"3917_10",1
"11820_2",1
"6136_4",1
"1084_1",1
"11297_1",1
"11371_10",1
"11341_10",1
"4358_10",1
"5234_1",1
"5758_3",1
"10276_8",1
"10329_10",1
"3343_4",1
"10160_7",1
"9181_1",1
"3659_9",1
"25_10",1
"1343_2",1
"12166_10",1
"6651_1",1
"10933_3",1
"467_9",1
"9005_3",1
"8159_7",1
"5147_1",1
"9299_9",1
"7695_1",1
"4063_8",1
"9016_3",1
"2028_8",1
"11365_1",1
"4050_10",1
"10161_7",1
"7771_1",1
"6558_1",0
"10100_10",1
"143_4",1
"2364_10",1
"3150_10",1
"8121_8",1
"9178_8",1
"8922_10",1
"6474_1",1
"9184_1",1
"5353_10",1
"7162_4",1
"8229_8",1
"854_1",1
"10833_9",1
"8145_3",1
"691_7",1
"951_1",1
"9116_10",1
"3684_3",1
"4998_1",1
"209_10",1
"6677_8",1
"1322_1",1
"6619_1",1
"3348_9",1
"2250_1",1
"8619_8",1
"9197_1",1
"11545_10",1
"7160_2",1
"5284_10",1
"7498_1",1
"1827_3",1
"8298_8",1
"8035_3",1
"7620_1",1
"4026_2",1
"3658_1",1
"3386_2",1
"8855_10",1
"9073_4",1
"2918_9",1
"7546_1",1
"7434_10",0
"2690_9",1
"9947_9",1
"6346_10",1
"3625_8",1
"6795_10",1
"12345_10",1
"12204_2",1
"5568_1",1
"228_1",1
"4886_3",0
"7494_2",1
"3655_8",1
"12370_10",1
"11818_8",1
"1524_3",1
"5288_3",1
"8130_4",1
"4832_1",1
"7279_3",1
"3556_4",1
"7801_1",1
"5847_7",1
"6922_3",1
"10740_10",1
"7794_10",1
"12470_7",1
"10896_4",1
"3638_4",1
"9266_8",1
"10_7",1
"1612_2",1
"2193_4",1
"6025_4",1
"9716_1",1
"9800_9",1
"835_4",1
"5508_2",1
"11986_7",1
"11529_8",1
"9914_8",1
"9418_2",1
"10337_10",1
"890_1",1
"6540_7",1
"6470_2",1
"1901_10",1
"6013_3",1
"3450_9",1
"3207_10",1
"9175_1",0
"4648_2",1
"8131_1",1
"9182_7",1
"10736_3",1
"9973_9",1
"4462_2",1
"5580_1",1
"10782_2",1
"1897_10",1
"5464_10",1
"10346_4",1
"1027_4",1
"7804_10",1
"6521_1",1
"9661_3",1
"1398_8",1
"10278_7",1
"2823_1",1
"5825_4",1
"10081_10",1
"4482_3",1
"5364_3",1
"4328_10",1
"10850_10",1
"4135_8",1
"12379_3",1
"1463_9",1
"3942_8",1
"2451_10",1
"11331_8",1
"649_2",1
"3861_10",1
"10556_10",1
"7153_2",1
"7607_10",1
"11074_1",1
"10921_4",1
"10458_1",1
"9693_3",1
"6333_9",1
"1335_7",1
"6925_10",1
"12454_1",1
"5163_10",1
"3501_10",1
"5169_1",1
"7117_10",1
"9810_10",1
"3437_2",1
"3753_3",1
"12385_10",1
"6694_9",1
"1750_4",1
"970_4",1
"6972_7",1
"8868_7",1
"2023_1",1
"2536_10",1
"1810_1",1
"6086_1",1
"2847_3",1
"4305_1",1
"6292_2",1
"10721_4",1
"7886_8",1
"3806_8",1
"1696_10",1
"6917_4",1
"9498_9",1
"6519_9",1
"3139_9",1
"2588_8",1
"2131_3",1
"5390_2",1
"4149_8",1
"10184_1",1
"3220_3",1
"9103_1",1
"8478_1",1
"3646_1",1
"857_7",1
"1276_9",1
"10725_1",1
"10244_2",1
"8358_7",1
"3581_10",1
"3429_4",1
"6631_2",1
"273_1",1
"4982_3",1
"6263_10",1
"2270_8",1
"3347_8",1
"3331_3",1
"9272_4",1
"1798_10",1
"4868_7",1
"8262_10",1
"4786_4",1
"10992_10",1
"6089_10",1
"2554_4",1
"5732_4",1
"12345_4",1
"12348_1",1
"6707_4",1
"9736_4",1
"982_4",1
"5185_1",1
"6941_8",1
"2383_8",1
"8058_1",1
"2208_10",1
"2737_10",1
"2789_8",1
"10676_4",1
"2740_3",1
"2147_4",1
"10335_1",1
"6255_10",1
"11301_10",1
"8983_9",1
"9658_1",1
"536_3",0
"1992_2",1
"753_2",1
"3763_2",1
"3351_4",1
"6817_10",1
"12071_10",1
"11992_1",1
"5253_9",1
"6560_1",1
"864_2",1
"10217_4",1
"10701_10",1
"10024_9",1
"12006_10",1
"665_10",1
"7038_9",1
"5095_9",1
"265_9",1
"77_2",1
"11151_9",1
"820_1",1
"281_1",1
"4341_1",1
"4698_1",1
"11729_4",1
"9711_1",1
"586_8",1
"4531_7",1
"7581_3",1
"1748_1",1
"8827_7",1
"1040_9",1
"5306_1",1
"291_9",1
"11908_9",1
"4043_2",1
"3067_7",1
"9885_2",1
"2986_3",1
"5585_8",1
"1556_1",1
"11792_1",1
"12114_9",1
"3898_8",1
"9607_1",1
"7662_1",1
"6674_2",1
"6400_2",1
"4898_4",1
"1311_2",1
"7067_10",0
"6797_10",1
"9740_3",1
"5302_1",1
"7846_4",1
"10889_2",1
"9093_4",1
"8431_4",1
"6831_8",1
"369_1",1
"2972_10",1
"659_1",1
"7628_7",1
"2005_10",1
"1308_3",1
"8042_1",1
"1182_2",1
"10496_1",1
"8272_1",1
"3125_7",1
"12220_1",1
"105_8",1
"11317_1",1
"5800_7",1
"7381_9",1
"7849_4",1
"9320_1",1
"11097_3",1
"1200_10",1
"5422_10",1
"7370_2",1
"8609_4",1
"889_7",1
"4944_1",1
"3388_10",1
"431_2",1
"5131_3",1
"1283_10",1
"221_9",1
"9891_10",1
"5604_1",1
"12439_1",1
"3549_8",0
"8183_3",1
"9084_9",1
"8443_1",1
"3867_4",1
"2162_1",1
"10255_10",1
"1446_3",1
"2703_1",1
"156_9",1
"6155_4",1
"3813_3",1
"12326_1",1
"10901_3",1
"8762_10",1
"2531_9",1
"2906_8",1
"7749_9",1
"12412_7",1
"5792_1",1
"7605_10",1
"2151_10",1
"6488_7",1
"10617_8",1
"7377_10",1
"4319_4",1
"9109_2",1
"11749_7",1
"1193_2",1
"8918_4",1
"6210_8",1
"4921_10",1
"9718_10",1
"2624_1",1
"11435_3",1
"2606_4",1
"10929_4",1
"4693_1",1
"267_1",1
"6762_8",1
"2812_4",1
"4038_9",1
"8206_1",1
"7372_1",1
"5367_7",1
"8843_4",1
"11966_8",1
"9379_9",1
"991_7",1
"5857_1",1
"5247_10",1
"5943_4",1
"4144_4",1
"5152_10",1
"788_1",1
"12051_4",1
"5738_7",1
"3694_10",1
"650_10",1
"3919_9",1
"6164_1",1
"4142_3",1
"9190_4",1
"2857_1",1
"7603_1",1
"6978_1",1
"662_4",1
"3009_2",1
"703_2",1
"8056_2",1
"7549_10",1
"160_1",1
"146_8",1
"1623_2",1
"9284_3",1
"456_1",1
"1996_10",1
"11219_3",1
"1563_2",1
"12467_2",1
"6424_2",1
"5613_7",1
"8623_8",1
"6846_8",1
"4973_4",1
"12176_1",1
"728_10",1
"4897_2",1
"11934_4",1
"9676_9",1
"6667_2",1
"9452_10",1
"3268_3",1
"2522_3",0
"2031_10",1
"10791_1",1
"11180_10",1
"3767_4",1
"8180_9",1
"7540_2",1
"4027_1",1
"4070_1",1
"1499_9",1
"1698_1",1
"7744_1",1
"9482_1",1
"9260_4",1
"3873_3",1
"2918_1",1
"1837_2",1
"8686_4",1
"10044_2",1
"2259_9",1
"10194_1",1
"8064_8",1
"6456_9",1
"9479_10",1
"2245_1",1
"1193_10",1
"5456_3",1
"8045_9",1
"9971_1",1
"10952_1",1
"2488_1",1
"1541_10",1
"10102_2",1
"8538_3",1
"6339_10",1
"11402_1",1
"8046_8",1
"361_9",1
"11792_10",1
"3506_1",1
"5658_9",1
"6144_1",1
"4566_3",1
"1959_9",1
"4960_9",1
"4000_10",1
"9771_10",1
"3510_1",1
"3680_9",1
"5433_7",1
"10205_10",1
"5675_2",1
"1549_1",1
"12101_8",1
"10128_1",1
"12441_2",1
"4905_9",1
"2613_10",1
"10459_10",1
"1338_1",1
"8924_7",1
"4150_7",1
"2508_10",1
"692_7",1
"2016_10",1
"7823_1",1
"5551_3",1
"3483_10",1
"9951_4",1
"4403_10",1
"8185_9",1
"10273_10",1
"5147_7",1
"8507_7",1
"2424_2",1
"11318_8",1
"1655_1",0
"8531_10",1
"1201_2",1
"11486_3",1
"1981_2",1
"5441_9",1
"9333_8",1
"2815_9",1
"1792_3",1
"4221_3",1
"11118_4",1
"6104_1",1
"8729_4",1
"762_7",1
"7573_3",1
"4830_7",1
"8746_4",1
"1221_10",1
"3002_1",1
"5479_10",1
"10984_1",1
"4961_8",1
"2216_4",1
"8461_4",1
"3782_1",1
"7006_4",1
"3218_10",1
"76_4",1
"9637_1",1
"9732_10",1
"6247_10",1
"10731_3",1
"2145_8",1
"6621_10",1
"5730_10",1
"1106_9",1
"11968_8",1
"237_1",1
"1055_10",1
"4092_3",1
"3163_8",1
"10883_1",1
"11850_1",1
"11908_2",1
"7725_7",1
"3741_8",1
"8244_3",1
"6902_1",1
"11490_10",1
"1611_2",1
"5864_10",1
"6356_9",1
"5115_10",1
"149_9",1
"3790_1",1
"1696_3",1
"11918_10",1
"8115_3",1
"11431_1",1
"11896_10",0
"10121_1",1
"7188_7",1
"11750_4",1
"12292_10",1
"4147_4",1
"10756_3",1
"11867_2",1
"1855_10",1
"5218_1",1
"5777_10",1
"10980_10",1
"941_2",1
"9872_8",1
"2033_8",1
"4295_7",1
"1730_10",1
"1699_8",1
"7136_3",1
"472_10",1
"7019_1",1
"7549_2",1
"573_3",1
"10002_3",1
"1849_4",1
"597_4",1
"10519_1",1
"1322_9",1
"6727_1",1
"8545_9",1
"12267_8",0
"8471_2",1
"4831_8",1
"10631_9",1
"190_9",1
"645_1",1
"11271_9",1
"3200_2",1
"8307_2",1
"3705_1",1
"11777_9",1
"12248_9",1
"5170_1",1
"9137_1",1
"3412_7",1
"7917_8",1
"12489_10",1
"9295_10",1
"8647_4",1
"6859_1",1
"4255_4",1
"4237_4",1
"2964_7",1
"1944_4",1
"2752_10",1
"11566_8",1
"7127_10",1
"5159_9",1
"10177_3",1
"1441_1",1
"6045_3",1
"2120_1",1
"10167_9",1
"9335_4",1
"9937_7",1
"3234_7",1
"5635_9",1
"3349_4",1
"10474_10",0
"1471_2",1
"10559_7",1
"10087_1",1
"682_9",1
"956_3",1
"62_2",1
"2127_1",1
"1600_10",1
"5239_2",1
"9185_1",1
"12407_10",1
"2264_7",1
"6337_7",1
"228_10",1
"4058_8",1
"11680_1",1
"12461_8",1
"9170_8",1
"5906_2",1
"8453_10",1
"454_10",1
"8169_2",1
"10061_4",1
"258_1",1
"4395_1",1
"12340_8",1
"4321_2",1
"3950_1",1
"3524_8",1
"10366_3",0
"8684_8",1
"4846_8",1
"173_4",1
"2637_1",1
"5120_9",1
"6897_7",1
"2441_4",1
"4326_1",1
"7201_8",1
"10008_4",1
"674_3",1
"1882_7",1
"1593_4",1
"4658_4",1
"7229_9",1
"10227_3",1
"10367_3",1
"6834_10",1
"4683_1",1
"4238_3",0
"11910_2",1
"3660_8",1
"3677_9",1
"3167_10",1
"2584_2",1
"5648_9",1
"7464_10",1
"7030_10",1
"3845_1",1
"8578_3",1
"4099_1",1
"442_3",1
"7704_10",1
"2978_8",1
"1589_9",1
"6751_8",1
"4045_2",1
"1876_10",1
"10833_1",1
"7081_8",1
"10609_9",1
"4474_7",1
"9245_10",1
"3182_4"